{"duration": 14.438348293304443, "input_args": {}, "time": 1766259955.2125802}