{"duration": 1.583871603012085, "input_args": {}, "time": 1770651377.6687715}