{"duration": 1.5235121250152588, "input_args": {}, "time": 1774433602.008494}