{"duration": 1.0328798294067383, "input_args": {}, "time": 1774256756.2185624}