{"duration": 0.6111974716186523, "input_args": {"adj": "False"}, "time": 1766259079.1265316}