{"duration": 3.573423385620117, "input_args": {}, "time": 1766239659.5192573}