{"duration": 1.8712220191955566, "input_args": {}, "time": 1766351942.166223}