{"duration": 0.6667397022247314, "input_args": {"adj": "True"}, "time": 1766259070.1953032}